customer_id_legacy,customer_id_new,purchase_amount,purchase_date,product_category,customer_rating,social_media_platform,engagement_score,purchase_interest_score,review_sentiment,days_since_purchase,rolling_avg_3,purchase_frequency,customer_tenure,days_since_first_purchase,Books_pct,Clothing_pct,Electronics_pct,Groceries_pct,Sports_pct
100,0,172.0,2024-04-22,Clothing,4.0,0,0.0,0.0,0,38,172.0,0.17142857142857143,34,38,69.22564518047162,30.774354819528376,0.0,0.0,0.0
100,0,172.02756351578873,2024-04-22,Clothing,3.9126025880514894,0,0.0,0.0,0,38,172.01378175789438,0.17142857142857143,34,38,69.22564518047162,30.774354819528376,0.0,0.0,0.0
100,0,172.03023482903316,2024-04-22,Clothing,3.933159803169673,0,0.0,0.0,0,38,172.01926611494062,0.17142857142857143,34,38,69.22564518047162,30.774354819528376,0.0,0.0,0.0
100,0,387.0,2024-05-26,Books,4.6,0,0.0,0.0,0,4,243.6859327816073,0.17142857142857143,34,38,69.22564518047162,30.774354819528376,0.0,0.0,0.0
100,0,386.9335772556696,2024-05-26,Books,4.489874809515288,0,0.0,0.0,0,4,315.32127069490093,0.17142857142857143,34,38,69.22564518047162,30.774354819528376,0.0,0.0,0.0
100,0,386.9172106921084,2024-05-26,Books,4.554189009716862,0,0.0,0.0,0,4,386.9502626492593,0.17142857142857143,34,38,69.22564518047162,30.774354819528376,0.0,0.0,0.0
101,A116,271.0,2024-01-17,Books,2.1,Twitter,78.0,1.1,Negative,134,271.0,0.5263157894736842,56,134,74.03346139505416,0.0,0.0,25.96653860494585,0.0
101,A116,271.0,2024-01-17,Books,2.1,LinkedIn,89.0,2.4,Neutral,134,271.0,0.5263157894736842,56,134,74.03346139505416,0.0,0.0,25.96653860494585,0.0
101,A116,271.0,2024-01-17,Books,2.1,Instagram,81.0,4.6,Neutral,134,271.0,0.5263157894736842,56,134,74.03346139505416,0.0,0.0,25.96653860494585,0.0
101,A116,271.0,2024-01-17,Books,2.1,TikTok,83.0,1.2,Negative,134,271.0,0.5263157894736842,56,134,74.03346139505416,0.0,0.0,25.96653860494585,0.0
101,A116,271.0,2024-01-17,Books,2.1,Twitter,78.0,1.1,Negative,134,271.0,0.5263157894736842,56,134,74.03346139505416,0.0,0.0,25.96653860494585,0.0
101,A116,271.0259389309,2024-01-17,Books,2.0611930810202588,Twitter,78.0,1.1,Negative,134,271.0086463103,0.5263157894736842,56,134,74.03346139505416,0.0,0.0,25.96653860494585,0.0
101,A116,271.0259389309,2024-01-17,Books,2.0611930810202588,LinkedIn,89.0,2.4,Neutral,134,271.0172926206,0.5263157894736842,56,134,74.03346139505416,0.0,0.0,25.96653860494585,0.0
101,A116,271.0259389309,2024-01-17,Books,2.0611930810202588,Instagram,81.0,4.6,Neutral,134,271.0259389309,0.5263157894736842,56,134,74.03346139505416,0.0,0.0,25.96653860494585,0.0
101,A116,271.0259389309,2024-01-17,Books,2.0611930810202588,TikTok,83.0,1.2,Negative,134,271.0259389309,0.5263157894736842,56,134,74.03346139505416,0.0,0.0,25.96653860494585,0.0
101,A116,271.0259389309,2024-01-17,Books,2.0611930810202588,Twitter,78.0,1.1,Negative,134,271.0259389309,0.5263157894736842,56,134,74.03346139505416,0.0,0.0,25.96653860494585,0.0
101,A116,192.0,2024-01-21,Groceries,3.4,Twitter,78.0,1.1,Negative,130,244.68395928726667,0.5263157894736842,56,134,74.03346139505416,0.0,0.0,25.96653860494585,0.0
101,A116,192.0,2024-01-21,Groceries,3.4,LinkedIn,89.0,2.4,Neutral,130,218.34197964363332,0.5263157894736842,56,134,74.03346139505416,0.0,0.0,25.96653860494585,0.0
101,A116,192.0,2024-01-21,Groceries,3.4,Instagram,81.0,4.6,Neutral,130,192.0,0.5263157894736842,56,134,74.03346139505416,0.0,0.0,25.96653860494585,0.0
101,A116,192.0,2024-01-21,Groceries,3.4,TikTok,83.0,1.2,Negative,130,192.0,0.5263157894736842,56,134,74.03346139505416,0.0,0.0,25.96653860494585,0.0
101,A116,192.0,2024-01-21,Groceries,3.4,Twitter,78.0,1.1,Negative,130,192.0,0.5263157894736842,56,134,74.03346139505416,0.0,0.0,25.96653860494585,0.0
101,A116,192.07002429533625,2024-01-21,Groceries,3.293873736705341,Twitter,78.0,1.1,Negative,130,192.02334143177873,0.5263157894736842,56,134,74.03346139505416,0.0,0.0,25.96653860494585,0.0
101,A116,192.07002429533625,2024-01-21,Groceries,3.293873736705341,LinkedIn,89.0,2.4,Neutral,130,192.0466828635575,0.5263157894736842,56,134,74.03346139505416,0.0,0.0,25.96653860494585,0.0
101,A116,192.07002429533625,2024-01-21,Groceries,3.293873736705341,Instagram,81.0,4.6,Neutral,130,192.07002429533625,0.5263157894736842,56,134,74.03346139505416,0.0,0.0,25.96653860494585,0.0
101,A116,192.07002429533625,2024-01-21,Groceries,3.293873736705341,TikTok,83.0,1.2,Negative,130,192.07002429533625,0.5263157894736842,56,134,74.03346139505416,0.0,0.0,25.96653860494585,0.0
101,A116,192.07002429533625,2024-01-21,Groceries,3.293873736705341,Twitter,78.0,1.1,Negative,130,192.07002429533625,0.5263157894736842,56,134,74.03346139505416,0.0,0.0,25.96653860494585,0.0
101,A116,408.0,2024-02-28,Books,2.5,Twitter,78.0,1.1,Negative,92,264.0466828635575,0.5263157894736842,56,134,74.03346139505416,0.0,0.0,25.96653860494585,0.0
101,A116,408.0,2024-02-28,Books,2.5,LinkedIn,89.0,2.4,Neutral,92,336.02334143177876,0.5263157894736842,56,134,74.03346139505416,0.0,0.0,25.96653860494585,0.0
101,A116,408.0,2024-02-28,Books,2.5,Instagram,81.0,4.6,Neutral,92,408.0,0.5263157894736842,56,134,74.03346139505416,0.0,0.0,25.96653860494585,0.0
101,A116,408.0,2024-02-28,Books,2.5,TikTok,83.0,1.2,Negative,92,408.0,0.5263157894736842,56,134,74.03346139505416,0.0,0.0,25.96653860494585,0.0
101,A116,408.0,2024-02-28,Books,2.5,Twitter,78.0,1.1,Negative,92,408.0,0.5263157894736842,56,134,74.03346139505416,0.0,0.0,25.96653860494585,0.0
101,A116,145.0,2024-03-13,Books,2.1,Twitter,78.0,1.1,Negative,78,320.3333333333333,0.5263157894736842,56,134,74.03346139505416,0.0,0.0,25.96653860494585,0.0
101,A116,145.0,2024-03-13,Books,2.1,LinkedIn,89.0,2.4,Neutral,78,232.66666666666666,0.5263157894736842,56,134,74.03346139505416,0.0,0.0,25.96653860494585,0.0
101,A116,145.0,2024-03-13,Books,2.1,Instagram,81.0,4.6,Neutral,78,145.0,0.5263157894736842,56,134,74.03346139505416,0.0,0.0,25.96653860494585,0.0
101,A116,145.0,2024-03-13,Books,2.1,TikTok,83.0,1.2,Negative,78,145.0,0.5263157894736842,56,134,74.03346139505416,0.0,0.0,25.96653860494585,0.0
101,A116,145.0,2024-03-13,Books,2.1,Twitter,78.0,1.1,Negative,78,145.0,0.5263157894736842,56,134,74.03346139505416,0.0,0.0,25.96653860494585,0.0
102,0,101.0,2024-01-14,Electronics,3.2,0,0.0,0.0,0,137,101.0,0.03007518796992481,132,137,0.0,0.0,73.20788281771243,0.0,26.792117182287562
102,0,380.0,2024-02-14,Electronics,4.4,0,0.0,0.0,0,106,240.5,0.03007518796992481,132,137,0.0,0.0,73.20788281771243,0.0,26.792117182287562
102,0,88.0,2024-05-25,Sports,2.7,0,0.0,0.0,0,5,189.66666666666666,0.03007518796992481,132,137,0.0,0.0,73.20788281771243,0.0,26.792117182287562
102,0,88.03307005570639,2024-05-25,Sports,2.6693283600678184,0,0.0,0.0,0,5,185.34435668523545,0.03007518796992481,132,137,0.0,0.0,73.20788281771243,0.0,26.792117182287562
103,A194,426.0,2024-02-21,Groceries,4.8,LinkedIn,89.0,4.0,Negative,99,426.0,0.24,24,99,0.0,0.0,0.0,55.07997610159553,44.92002389840447
103,A194,426.1551262854733,2024-02-21,Groceries,4.745483080066816,LinkedIn,89.0,4.0,Negative,99,426.0775631427366,0.24,24,99,0.0,0.0,0.0,55.07997610159553,44.92002389840447
103,A194,209.0,2024-03-12,Sports,4.3,LinkedIn,89.0,4.0,Negative,79,353.7183754284911,0.24,24,99,0.0,0.0,0.0,55.07997610159553,44.92002389840447
103,A194,162.0,2024-03-16,Sports,3.5,LinkedIn,89.0,4.0,Negative,75,265.7183754284911,0.24,24,99,0.0,0.0,0.0,55.07997610159553,44.92002389840447
103,A194,161.96961355645692,2024-03-16,Sports,3.43740070697456,LinkedIn,89.0,4.0,Negative,75,177.6565378521523,0.24,24,99,0.0,0.0,0.0,55.07997610159553,44.92002389840447
103,A194,161.9985281741365,2024-03-16,Sports,3.3475709466830006,LinkedIn,89.0,4.0,Negative,75,161.98938057686448,0.24,24,99,0.0,0.0,0.0,55.07997610159553,44.92002389840447
104,A192,289.0,2024-05-02,Clothing,1.5,Instagram,60.0,4.3,Positive,28,289.0,0.11538461538461539,25,28,0.0,100.0,0.0,0.0,0.0
104,A192,288.9566349673228,2024-05-02,Clothing,1.5528316609630377,Instagram,60.0,4.3,Positive,28,288.9783174836614,0.11538461538461539,25,28,0.0,100.0,0.0,0.0,0.0
104,A192,409.0,2024-05-27,Clothing,1.4,Instagram,60.0,4.3,Positive,3,328.9855449891076,0.11538461538461539,25,28,0.0,100.0,0.0,0.0,0.0
105,A163,282.0,2024-03-14,Books,1.5,TikTok,53.0,4.0,Neutral,77,282.0,4.0,0,77,100.0,0.0,0.0,0.0,0.0
105,A163,282.0,2024-03-14,Books,1.5,TikTok,96.0,3.2,Neutral,77,282.0,4.0,0,77,100.0,0.0,0.0,0.0,0.0
105,A163,282.04736273877273,2024-03-14,Books,1.585135426460051,TikTok,53.0,4.0,Neutral,77,282.01578757959095,4.0,0,77,100.0,0.0,0.0,0.0,0.0
105,A163,282.04736273877273,2024-03-14,Books,1.585135426460051,TikTok,96.0,3.2,Neutral,77,282.03157515918184,4.0,0,77,100.0,0.0,0.0,0.0,0.0
106,A102,397.0,2024-02-16,Sports,1.7,LinkedIn,51.0,4.8,Neutral,104,397.0,0.025,79,104,0.0,38.639876352395675,0.0,0.0,61.360123647604325
106,A102,250.0,2024-05-05,Clothing,3.5,LinkedIn,51.0,4.8,Neutral,25,323.5,0.025,79,104,0.0,38.639876352395675,0.0,0.0,61.360123647604325
107,0,274.0,2024-03-05,Books,1.1,0,0.0,0.0,0,86,274.0,0.09090909090909091,54,86,29.322688767899546,0.0,48.15425134405943,0.0,22.52305988804103
107,0,274.09835043063583,2024-03-05,Books,1.220463507257583,0,0.0,0.0,0,86,274.0491752153179,0.09090909090909091,54,86,29.322688767899546,0.0,48.15425134405943,0.0,22.52305988804103
107,0,450.0,2024-04-23,Electronics,4.2,0,0.0,0.0,0,37,332.6994501435453,0.09090909090909091,54,86,29.322688767899546,0.0,48.15425134405943,0.0,22.52305988804103
107,0,450.0970523820013,2024-04-23,Electronics,4.109545811621293,0,0.0,0.0,0,37,391.3984676042124,0.09090909090909091,54,86,29.322688767899546,0.0,48.15425134405943,0.0,22.52305988804103
107,0,421.0,2024-04-28,Sports,3.2,0,0.0,0.0,0,32,440.36568412733374,0.09090909090909091,54,86,29.322688767899546,0.0,48.15425134405943,0.0,22.52305988804103
108,0,165.0,2024-02-25,Groceries,2.8,0,0.0,0.0,0,95,165.0,0.05357142857142857,55,95,75.340573746581,0.0,0.0,24.659426253419007,0.0
108,0,252.0,2024-04-20,Books,2.3,0,0.0,0.0,0,40,208.5,0.05357142857142857,55,95,75.340573746581,0.0,0.0,24.659426253419007,0.0
108,0,252.11532451864284,2024-04-20,Books,2.368464220155517,0,0.0,0.0,0,40,223.0384415062143,0.05357142857142857,55,95,75.340573746581,0.0,0.0,24.659426253419007,0.0
110,A137,329.0,2024-04-26,Sports,3.0,LinkedIn,93.0,3.5,Neutral,34,329.0,4.0,0,34,0.0,0.0,0.0,0.0,100.0
110,A137,329.0,2024-04-26,Sports,3.0,TikTok,99.0,3.1,Positive,34,329.0,4.0,0,34,0.0,0.0,0.0,0.0,100.0
110,A137,329.0166088132508,2024-04-26,Sports,2.9915091167504166,LinkedIn,93.0,3.5,Neutral,34,329.0055362710836,4.0,0,34,0.0,0.0,0.0,0.0,100.0
110,A137,329.0166088132508,2024-04-26,Sports,2.9915091167504166,TikTok,99.0,3.1,Positive,34,329.0110725421672,4.0,0,34,0.0,0.0,0.0,0.0,100.0
111,A137,375.0,2024-05-08,Clothing,3.8,LinkedIn,93.0,3.5,Neutral,22,375.0,2.0,0,22,0.0,100.0,0.0,0.0,0.0
111,A137,375.0,2024-05-08,Clothing,3.8,TikTok,99.0,3.1,Positive,22,375.0,2.0,0,22,0.0,100.0,0.0,0.0,0.0
113,A196,170.0,2024-02-24,Groceries,3.6,Instagram,85.0,3.9,Negative,96,170.0,0.03125,95,96,50.153846153846146,32.41025641025641,0.0,17.435897435897434,0.0
113,A196,489.0,2024-03-27,Books,4.1,Instagram,85.0,3.9,Negative,64,329.5,0.03125,95,96,50.153846153846146,32.41025641025641,0.0,17.435897435897434,0.0
113,A196,316.0,2024-05-29,Clothing,1.0,Instagram,85.0,3.9,Negative,1,325.0,0.03125,95,96,50.153846153846146,32.41025641025641,0.0,17.435897435897434,0.0
114,A171,442.0,2024-01-03,Electronics,2.1,0,0.0,0.0,0,148,442.0,0.0673076923076923,103,148,0.0,71.32134166368778,28.678658336312225,0.0,0.0
114,A171,183.0,2024-02-06,Clothing,2.7,0,0.0,0.0,0,114,312.5,0.0673076923076923,103,148,0.0,71.32134166368778,28.678658336312225,0.0,0.0
114,A171,183.0340922198559,2024-02-06,Clothing,2.805533099654641,0,0.0,0.0,0,114,269.34469740661865,0.0673076923076923,103,148,0.0,71.32134166368778,28.678658336312225,0.0,0.0
114,A171,162.0,2024-03-30,Clothing,4.4,0,0.0,0.0,0,61,176.0113640732853,0.0673076923076923,103,148,0.0,71.32134166368778,28.678658336312225,0.0,0.0
114,A171,162.0784006410914,2024-03-30,Clothing,4.301206415420346,0,0.0,0.0,0,61,169.03749762031578,0.0673076923076923,103,148,0.0,71.32134166368778,28.678658336312225,0.0,0.0
114,A171,162.1032600404018,2024-03-30,Clothing,4.302773145227593,0,0.0,0.0,0,61,162.06055356049774,0.0673076923076923,103,148,0.0,71.32134166368778,28.678658336312225,0.0,0.0
114,A171,247.0,2024-04-15,Clothing,4.8,0,0.0,0.0,0,45,190.39388689383108,0.0673076923076923,103,148,0.0,71.32134166368778,28.678658336312225,0.0,0.0
117,0,434.0,2024-02-20,Sports,3.3,0,0.0,0.0,0,100,434.0,0.1,29,100,0.0,0.0,59.36311249864009,0.0,40.6368875013599
117,0,317.0,2024-03-20,Electronics,2.1,0,0.0,0.0,0,71,375.5,0.1,29,100,0.0,0.0,59.36311249864009,0.0,40.6368875013599
117,0,316.9951804514464,2024-03-20,Electronics,2.05243286520314,0,0.0,0.0,0,71,355.9983934838155,0.1,29,100,0.0,0.0,59.36311249864009,0.0,40.6368875013599
120,A159,395.0,2024-01-06,Groceries,1.1,0,0.0,0.0,0,145,395.0,0.09302325581395349,42,145,0.0,0.0,0.0,79.88810781766709,20.111892182332912
120,A159,85.0,2024-01-24,Sports,2.4,0,0.0,0.0,0,127,240.0,0.09302325581395349,42,145,0.0,0.0,0.0,79.88810781766709,20.111892182332912
120,A159,84.93176573988798,2024-01-24,Sports,2.3553316529309334,0,0.0,0.0,0,127,188.31058857996265,0.09302325581395349,42,145,0.0,0.0,0.0,79.88810781766709,20.111892182332912
120,A159,280.0,2024-02-17,Groceries,1.3,0,0.0,0.0,0,103,149.9772552466293,0.09302325581395349,42,145,0.0,0.0,0.0,79.88810781766709,20.111892182332912
121,A185,145.0,2024-01-15,Sports,3.9,TikTok,90.0,3.4,Neutral,136,145.0,0.8571428571428571,13,136,0.0,0.0,76.50698534406169,0.0,23.493014655938303
121,A185,145.0,2024-01-15,Sports,3.9,Facebook,78.0,2.4,Positive,136,145.0,0.8571428571428571,13,136,0.0,0.0,76.50698534406169,0.0,23.493014655938303
121,A185,145.0,2024-01-15,Sports,3.9,TikTok,59.0,3.6,Positive,136,145.0,0.8571428571428571,13,136,0.0,0.0,76.50698534406169,0.0,23.493014655938303
121,A185,145.0,2024-01-15,Sports,3.9,TikTok,50.0,1.5,Negative,136,145.0,0.8571428571428571,13,136,0.0,0.0,76.50698534406169,0.0,23.493014655938303
121,A185,236.0,2024-01-28,Electronics,1.2,TikTok,90.0,3.4,Neutral,123,175.33333333333334,0.8571428571428571,13,136,0.0,0.0,76.50698534406169,0.0,23.493014655938303
121,A185,236.0,2024-01-28,Electronics,1.2,Facebook,78.0,2.4,Positive,123,205.66666666666666,0.8571428571428571,13,136,0.0,0.0,76.50698534406169,0.0,23.493014655938303
121,A185,236.0,2024-01-28,Electronics,1.2,TikTok,59.0,3.6,Positive,123,236.0,0.8571428571428571,13,136,0.0,0.0,76.50698534406169,0.0,23.493014655938303
121,A185,236.0,2024-01-28,Electronics,1.2,TikTok,50.0,1.5,Negative,123,236.0,0.8571428571428571,13,136,0.0,0.0,76.50698534406169,0.0,23.493014655938303
121,A185,236.20473989211305,2024-01-28,Electronics,1.15865487611823,TikTok,90.0,3.4,Neutral,123,236.06824663070435,0.8571428571428571,13,136,0.0,0.0,76.50698534406169,0.0,23.493014655938303
121,A185,236.20473989211305,2024-01-28,Electronics,1.15865487611823,Facebook,78.0,2.4,Positive,123,236.13649326140867,0.8571428571428571,13,136,0.0,0.0,76.50698534406169,0.0,23.493014655938303
121,A185,236.20473989211305,2024-01-28,Electronics,1.15865487611823,TikTok,59.0,3.6,Positive,123,236.20473989211305,0.8571428571428571,13,136,0.0,0.0,76.50698534406169,0.0,23.493014655938303
121,A185,236.20473989211305,2024-01-28,Electronics,1.15865487611823,TikTok,50.0,1.5,Negative,123,236.20473989211305,0.8571428571428571,13,136,0.0,0.0,76.50698534406169,0.0,23.493014655938303
122,A123,301.0,2024-05-12,Groceries,1.3,0,0.0,0.0,0,18,301.0,2.0,0,18,0.0,0.0,0.0,100.0,0.0
122,A123,301.1334445640864,2024-05-12,Groceries,1.0259045155540298,0,0.0,0.0,0,18,301.0667222820432,2.0,0,18,0.0,0.0,0.0,100.0,0.0
123,0,290.0,2024-01-13,Clothing,2.0,0,0.0,0.0,0,138,290.0,0.056818181818181816,87,138,0.0,100.0,0.0,0.0,0.0
123,0,290.0278723034971,2024-01-13,Clothing,1.9996704079672647,0,0.0,0.0,0,138,290.01393615174857,0.056818181818181816,87,138,0.0,100.0,0.0,0.0,0.0
123,0,175.0,2024-04-09,Clothing,2.6,0,0.0,0.0,0,51,251.67595743449905,0.056818181818181816,87,138,0.0,100.0,0.0,0.0,0.0
123,0,175.08725415914304,2024-04-09,Clothing,2.4558804239504,0,0.0,0.0,0,51,213.37170882088003,0.056818181818181816,87,138,0.0,100.0,0.0,0.0,0.0
123,0,175.10604468141105,2024-04-09,Clothing,2.5638577160573024,0,0.0,0.0,0,51,175.06443294685138,0.056818181818181816,87,138,0.0,100.0,0.0,0.0,0.0
125,A166,179.0,2024-04-10,Electronics,0.0,Instagram,90.0,3.8,Neutral,50,179.0,12.0,0,50,0.0,0.0,100.0,0.0,0.0
125,A166,179.0,2024-04-10,Electronics,0.0,Instagram,74.0,4.3,Neutral,50,179.0,12.0,0,50,0.0,0.0,100.0,0.0,0.0
125,A166,179.0,2024-04-10,Electronics,0.0,TikTok,56.0,1.5,Neutral,50,179.0,12.0,0,50,0.0,0.0,100.0,0.0,0.0
125,A166,179.13578807881,2024-04-10,Electronics,0.0,Instagram,90.0,3.8,Neutral,50,179.0452626929367,12.0,0,50,0.0,0.0,100.0,0.0,0.0
125,A166,179.13578807881,2024-04-10,Electronics,0.0,Instagram,74.0,4.3,Neutral,50,179.09052538587335,12.0,0,50,0.0,0.0,100.0,0.0,0.0
125,A166,179.13578807881,2024-04-10,Electronics,0.0,TikTok,56.0,1.5,Neutral,50,179.13578807881,12.0,0,50,0.0,0.0,100.0,0.0,0.0
125,A166,178.96567987633688,2024-04-10,Electronics,0.0,Instagram,90.0,3.8,Neutral,50,179.0790853446523,12.0,0,50,0.0,0.0,100.0,0.0,0.0
125,A166,178.96567987633688,2024-04-10,Electronics,0.0,Instagram,74.0,4.3,Neutral,50,179.0223826104946,12.0,0,50,0.0,0.0,100.0,0.0,0.0
125,A166,178.96567987633688,2024-04-10,Electronics,0.0,TikTok,56.0,1.5,Neutral,50,178.96567987633688,12.0,0,50,0.0,0.0,100.0,0.0,0.0
125,A166,178.9926388884208,2024-04-10,Electronics,0.0,Instagram,90.0,3.8,Neutral,50,178.9746662136982,12.0,0,50,0.0,0.0,100.0,0.0,0.0
125,A166,178.9926388884208,2024-04-10,Electronics,0.0,Instagram,74.0,4.3,Neutral,50,178.98365255105946,12.0,0,50,0.0,0.0,100.0,0.0,0.0
125,A166,178.9926388884208,2024-04-10,Electronics,0.0,TikTok,56.0,1.5,Neutral,50,178.9926388884208,12.0,0,50,0.0,0.0,100.0,0.0,0.0
127,A144,146.0,2024-05-04,Electronics,4.0,Twitter,70.0,1.3,Positive,26,146.0,1.0,0,26,0.0,0.0,100.0,0.0,0.0
128,A132,209.0,2024-04-14,Books,4.8,LinkedIn,63.0,3.3,Positive,46,209.0,3.0,0,46,100.0,0.0,0.0,0.0,0.0
128,A132,208.8087293482936,2024-04-14,Books,4.9523787410193805,LinkedIn,63.0,3.3,Positive,46,208.9043646741468,3.0,0,46,100.0,0.0,0.0,0.0,0.0
128,A132,208.9891371335911,2024-04-14,Books,4.755949544112648,LinkedIn,63.0,3.3,Positive,46,208.93262216062826,3.0,0,46,100.0,0.0,0.0,0.0,0.0
129,A114,280.0,2024-01-19,Electronics,4.0,Facebook,87.0,4.8,Negative,132,280.0,2.0,0,132,0.0,0.0,100.0,0.0,0.0
129,A114,280.0535491809975,2024-01-19,Electronics,4.012736547853716,Facebook,87.0,4.8,Negative,132,280.02677459049875,2.0,0,132,0.0,0.0,100.0,0.0,0.0
132,A134,62.0,2024-01-25,Electronics,4.0,0,0.0,0.0,0,126,62.0,0.04672897196261682,106,126,0.0,67.26704694624482,9.40031105718707,0.0,23.332641996568103
132,A134,62.08778251684801,2024-01-25,Electronics,3.94674196977796,0,0.0,0.0,0,126,62.043891258424004,0.04672897196261682,106,126,0.0,67.26704694624482,9.40031105718707,0.0,23.332641996568103
132,A134,444.0,2024-05-01,Clothing,2.4,0,0.0,0.0,0,29,189.36259417228268,0.04672897196261682,106,126,0.0,67.26704694624482,9.40031105718707,0.0,23.332641996568103
132,A134,443.9513285503957,2024-05-01,Clothing,2.427975734978671,0,0.0,0.0,0,29,316.67970368908124,0.04672897196261682,106,126,0.0,67.26704694624482,9.40031105718707,0.0,23.332641996568103
132,A134,308.0,2024-05-10,Sports,4.3,0,0.0,0.0,0,20,398.65044285013187,0.04672897196261682,106,126,0.0,67.26704694624482,9.40031105718707,0.0,23.332641996568103
133,0,436.0,2024-03-23,Sports,4.2,0,0.0,0.0,0,68,436.0,0.08333333333333333,47,68,0.0,0.0,47.720988567932416,0.0,52.27901143206759
133,0,436.0169972902907,2024-03-23,Sports,3.9497240478337785,0,0.0,0.0,0,68,436.0084986451453,0.08333333333333333,47,68,0.0,0.0,47.720988567932416,0.0,52.27901143206759
133,0,398.0,2024-05-09,Electronics,1.3,0,0.0,0.0,0,21,423.33899909676353,0.08333333333333333,47,68,0.0,0.0,47.720988567932416,0.0,52.27901143206759
133,0,397.98890680643706,2024-05-09,Electronics,1.2373475817311457,0,0.0,0.0,0,21,410.6686346989093,0.08333333333333333,47,68,0.0,0.0,47.720988567932416,0.0,52.27901143206759
134,A120,283.0,2024-03-07,Sports,3.7,Facebook,83.0,1.4,Positive,84,283.0,0.32,74,84,40.18531403133962,0.0,0.0,15.891502205108447,43.92318376355193
134,A120,283.0,2024-03-07,Sports,3.7,Instagram,56.0,3.0,Positive,84,283.0,0.32,74,84,40.18531403133962,0.0,0.0,15.891502205108447,43.92318376355193
134,A120,283.0,2024-03-07,Sports,3.7,Instagram,92.0,3.6,Positive,84,283.0,0.32,74,84,40.18531403133962,0.0,0.0,15.891502205108447,43.92318376355193
134,A120,283.0069652664519,2024-03-07,Sports,3.7514588990690543,Facebook,83.0,1.4,Positive,84,283.002321755484,0.32,74,84,40.18531403133962,0.0,0.0,15.891502205108447,43.92318376355193
134,A120,283.0069652664519,2024-03-07,Sports,3.7514588990690543,Instagram,56.0,3.0,Positive,84,283.0046435109679,0.32,74,84,40.18531403133962,0.0,0.0,15.891502205108447,43.92318376355193
134,A120,283.0069652664519,2024-03-07,Sports,3.7514588990690543,Instagram,92.0,3.6,Positive,84,283.0069652664519,0.32,74,84,40.18531403133962,0.0,0.0,15.891502205108447,43.92318376355193
134,A120,147.0,2024-04-29,Groceries,2.8,Facebook,83.0,1.4,Positive,31,237.67131017763458,0.32,74,84,40.18531403133962,0.0,0.0,15.891502205108447,43.92318376355193
134,A120,147.0,2024-04-29,Groceries,2.8,Instagram,56.0,3.0,Positive,31,192.33565508881733,0.32,74,84,40.18531403133962,0.0,0.0,15.891502205108447,43.92318376355193
134,A120,147.0,2024-04-29,Groceries,2.8,Instagram,92.0,3.6,Positive,31,147.0,0.32,74,84,40.18531403133962,0.0,0.0,15.891502205108447,43.92318376355193
134,A120,147.14766586254296,2024-04-29,Groceries,2.795220912262646,Facebook,83.0,1.4,Positive,31,147.04922195418098,0.32,74,84,40.18531403133962,0.0,0.0,15.891502205108447,43.92318376355193
134,A120,147.14766586254296,2024-04-29,Groceries,2.795220912262646,Instagram,56.0,3.0,Positive,31,147.098443908362,0.32,74,84,40.18531403133962,0.0,0.0,15.891502205108447,43.92318376355193
134,A120,147.14766586254296,2024-04-29,Groceries,2.795220912262646,Instagram,92.0,3.6,Positive,31,147.14766586254296,0.32,74,84,40.18531403133962,0.0,0.0,15.891502205108447,43.92318376355193
134,A120,247.0,2024-04-30,Sports,4.6,Facebook,83.0,1.4,Positive,30,180.4317772416953,0.32,74,84,40.18531403133962,0.0,0.0,15.891502205108447,43.92318376355193
134,A120,247.0,2024-04-30,Sports,4.6,Instagram,56.0,3.0,Positive,30,213.71588862084764,0.32,74,84,40.18531403133962,0.0,0.0,15.891502205108447,43.92318376355193
134,A120,247.0,2024-04-30,Sports,4.6,Instagram,92.0,3.6,Positive,30,247.0,0.32,74,84,40.18531403133962,0.0,0.0,15.891502205108447,43.92318376355193
134,A120,248.0,2024-05-20,Books,4.0,Facebook,83.0,1.4,Positive,10,247.33333333333334,0.32,74,84,40.18531403133962,0.0,0.0,15.891502205108447,43.92318376355193
134,A120,248.0,2024-05-20,Books,4.0,Instagram,56.0,3.0,Positive,10,247.66666666666666,0.32,74,84,40.18531403133962,0.0,0.0,15.891502205108447,43.92318376355193
134,A120,248.0,2024-05-20,Books,4.0,Instagram,92.0,3.6,Positive,10,248.0,0.32,74,84,40.18531403133962,0.0,0.0,15.891502205108447,43.92318376355193
134,A120,247.9568057798392,2024-05-20,Books,3.945272016366248,Facebook,83.0,1.4,Positive,10,247.98560192661307,0.32,74,84,40.18531403133962,0.0,0.0,15.891502205108447,43.92318376355193
134,A120,247.9568057798392,2024-05-20,Books,3.945272016366248,Instagram,56.0,3.0,Positive,10,247.97120385322614,0.32,74,84,40.18531403133962,0.0,0.0,15.891502205108447,43.92318376355193
134,A120,247.9568057798392,2024-05-20,Books,3.945272016366248,Instagram,92.0,3.6,Positive,10,247.9568057798392,0.32,74,84,40.18531403133962,0.0,0.0,15.891502205108447,43.92318376355193
134,A120,247.86314098844585,2024-05-20,Books,4.002769093161621,Facebook,83.0,1.4,Positive,10,247.9255841827081,0.32,74,84,40.18531403133962,0.0,0.0,15.891502205108447,43.92318376355193
134,A120,247.86314098844585,2024-05-20,Books,4.002769093161621,Instagram,56.0,3.0,Positive,10,247.89436258557694,0.32,74,84,40.18531403133962,0.0,0.0,15.891502205108447,43.92318376355193
134,A120,247.86314098844585,2024-05-20,Books,4.002769093161621,Instagram,92.0,3.6,Positive,10,247.86314098844585,0.32,74,84,40.18531403133962,0.0,0.0,15.891502205108447,43.92318376355193
135,A129,364.0,2024-03-10,Electronics,0.0,Twitter,54.0,4.5,Neutral,81,364.0,1.0,0,81,0.0,0.0,100.0,0.0,0.0
136,A107,452.0,2024-05-15,Electronics,2.5,Twitter,96.0,1.9,Neutral,15,452.0,3.0,0,15,0.0,0.0,100.0,0.0,0.0
136,A107,452.0,2024-05-15,Electronics,2.5,Facebook,62.0,4.4,Positive,15,452.0,3.0,0,15,0.0,0.0,100.0,0.0,0.0
136,A107,452.0,2024-05-15,Electronics,2.5,Twitter,73.0,4.2,Positive,15,452.0,3.0,0,15,0.0,0.0,100.0,0.0,0.0
137,A149,286.0,2024-01-20,Electronics,3.2,Facebook,51.0,1.3,Positive,131,286.0,1.0,0,131,0.0,0.0,100.0,0.0,0.0
138,A124,274.0,2024-02-19,Electronics,1.1,TikTok,75.0,4.6,Neutral,101,274.0,3.0,0,101,0.0,0.0,100.0,0.0,0.0
138,A124,274.0,2024-02-19,Electronics,1.1,Facebook,95.0,3.7,Positive,101,274.0,3.0,0,101,0.0,0.0,100.0,0.0,0.0
138,A124,274.0,2024-02-19,Electronics,1.1,LinkedIn,77.0,3.2,Positive,101,274.0,3.0,0,101,0.0,0.0,100.0,0.0,0.0
139,A157,392.0,2024-04-04,Clothing,4.6,0,0.0,0.0,0,56,392.0,2.0,0,56,0.0,100.0,0.0,0.0,0.0
139,A157,392.1200411548413,2024-04-04,Clothing,4.83741417434006,0,0.0,0.0,0,56,392.0600205774207,2.0,0,56,0.0,100.0,0.0,0.0,0.0
140,A145,267.0,2024-04-13,Groceries,2.3,Twitter,92.0,2.4,Neutral,47,267.0,0.14285714285714285,20,47,0.0,0.0,0.0,100.0,0.0
140,A145,193.0,2024-05-03,Groceries,1.6,Twitter,92.0,2.4,Neutral,27,230.0,0.14285714285714285,20,47,0.0,0.0,0.0,100.0,0.0
140,A145,192.8554390027528,2024-05-03,Groceries,1.6057474003024297,Twitter,92.0,2.4,Neutral,27,217.61847966758424,0.14285714285714285,20,47,0.0,0.0,0.0,100.0,0.0
141,A107,219.0,2024-02-02,Groceries,1.4,Twitter,96.0,1.9,Neutral,118,219.0,9.0,0,118,0.0,0.0,0.0,100.0,0.0
141,A107,219.0,2024-02-02,Groceries,1.4,Facebook,62.0,4.4,Positive,118,219.0,9.0,0,118,0.0,0.0,0.0,100.0,0.0
141,A107,219.0,2024-02-02,Groceries,1.4,Twitter,73.0,4.2,Positive,118,219.0,9.0,0,118,0.0,0.0,0.0,100.0,0.0
141,A107,219.06138413414757,2024-02-02,Groceries,1.3718614893448913,Twitter,96.0,1.9,Neutral,118,219.0204613780492,9.0,0,118,0.0,0.0,0.0,100.0,0.0
141,A107,219.06138413414757,2024-02-02,Groceries,1.3718614893448913,Facebook,62.0,4.4,Positive,118,219.0409227560984,9.0,0,118,0.0,0.0,0.0,100.0,0.0
141,A107,219.06138413414757,2024-02-02,Groceries,1.3718614893448913,Twitter,73.0,4.2,Positive,118,219.06138413414757,9.0,0,118,0.0,0.0,0.0,100.0,0.0
141,A107,218.91558630864824,2024-02-02,Groceries,1.17171975099592,Twitter,96.0,1.9,Neutral,118,219.01278485898112,9.0,0,118,0.0,0.0,0.0,100.0,0.0
141,A107,218.91558630864824,2024-02-02,Groceries,1.17171975099592,Facebook,62.0,4.4,Positive,118,218.9641855838147,9.0,0,118,0.0,0.0,0.0,100.0,0.0
141,A107,218.91558630864824,2024-02-02,Groceries,1.17171975099592,Twitter,73.0,4.2,Positive,118,218.91558630864824,9.0,0,118,0.0,0.0,0.0,100.0,0.0
143,0,214.0,2024-03-04,Sports,1.4,0,0.0,0.0,0,87,214.0,0.06666666666666667,74,87,0.0,0.0,0.0,35.167456825899954,64.83254317410005
143,0,435.0,2024-03-22,Groceries,4.0,0,0.0,0.0,0,69,324.5,0.06666666666666667,74,87,0.0,0.0,0.0,35.167456825899954,64.83254317410005
143,0,196.0,2024-05-17,Sports,4.3,0,0.0,0.0,0,13,281.6666666666667,0.06666666666666667,74,87,0.0,0.0,0.0,35.167456825899954,64.83254317410005
143,0,195.95226182694248,2024-05-17,Sports,4.292469634524488,0,0.0,0.0,0,13,275.65075394231417,0.06666666666666667,74,87,0.0,0.0,0.0,35.167456825899954,64.83254317410005
143,0,195.98677005560572,2024-05-17,Sports,4.234562665388698,0,0.0,0.0,0,13,195.97967729418272,0.06666666666666667,74,87,0.0,0.0,0.0,35.167456825899954,64.83254317410005
144,A116,465.0,2024-04-16,Clothing,3.3,Twitter,78.0,1.1,Negative,44,465.0,5.0,0,44,0.0,100.0,0.0,0.0,0.0
144,A116,465.0,2024-04-16,Clothing,3.3,LinkedIn,89.0,2.4,Neutral,44,465.0,5.0,0,44,0.0,100.0,0.0,0.0,0.0
144,A116,465.0,2024-04-16,Clothing,3.3,Instagram,81.0,4.6,Neutral,44,465.0,5.0,0,44,0.0,100.0,0.0,0.0,0.0
144,A116,465.0,2024-04-16,Clothing,3.3,TikTok,83.0,1.2,Negative,44,465.0,5.0,0,44,0.0,100.0,0.0,0.0,0.0
144,A116,465.0,2024-04-16,Clothing,3.3,Twitter,78.0,1.1,Negative,44,465.0,5.0,0,44,0.0,100.0,0.0,0.0,0.0
146,A196,157.0,2024-02-09,Books,3.5,Instagram,85.0,3.9,Negative,111,157.0,0.047619047619047616,104,111,8.126590243411624,0.0,0.0,18.427172781239097,73.44623697534928
146,A196,356.0,2024-03-06,Groceries,1.4,Instagram,85.0,3.9,Negative,85,256.5,0.047619047619047616,104,111,8.126590243411624,0.0,0.0,18.427172781239097,73.44623697534928
146,A196,473.0,2024-05-23,Sports,4.1,Instagram,85.0,3.9,Negative,7,328.6666666666667,0.047619047619047616,104,111,8.126590243411624,0.0,0.0,18.427172781239097,73.44623697534928
146,A196,473.1026579846552,2024-05-23,Sports,4.139025326898314,Instagram,85.0,3.9,Negative,7,434.0342193282184,0.047619047619047616,104,111,8.126590243411624,0.0,0.0,18.427172781239097,73.44623697534928
146,A196,472.8269126896234,2024-05-23,Sports,4.30433204896823,Instagram,85.0,3.9,Negative,7,472.9765235580929,0.047619047619047616,104,111,8.126590243411624,0.0,0.0,18.427172781239097,73.44623697534928
147,A159,236.0,2024-03-29,Groceries,0.0,0,0.0,0.0,0,62,236.0,0.045454545454545456,43,62,0.0,45.49653579676674,0.0,54.50346420323326,0.0
147,A159,197.0,2024-05-11,Clothing,3.8,0,0.0,0.0,0,19,216.5,0.045454545454545456,43,62,0.0,45.49653579676674,0.0,54.50346420323326,0.0
148,0,135.0,2024-01-30,Sports,4.4,0,0.0,0.0,0,121,135.0,2.0,0,121,0.0,0.0,0.0,0.0,100.0
148,0,134.99445150417023,2024-01-30,Sports,4.558203818296378,0,0.0,0.0,0,121,134.99722575208511,2.0,0,121,0.0,0.0,0.0,0.0,100.0
149,A131,423.0,2024-03-11,Sports,1.1,LinkedIn,87.0,3.0,Positive,80,423.0,1.0,0,80,0.0,0.0,0.0,0.0,100.0
150,A143,389.0,2024-02-11,Sports,0.0,Instagram,68.0,1.2,Negative,109,389.0,0.8,4,109,31.282556200922677,0.0,0.0,0.0,68.71744379907732
150,A143,389.0200134419173,2024-02-11,Sports,0.0,Instagram,68.0,1.2,Negative,109,389.01000672095864,0.8,4,109,31.282556200922677,0.0,0.0,0.0,68.71744379907732
150,A143,177.0,2024-02-15,Books,3.6,Instagram,68.0,1.2,Negative,105,318.3400044806391,0.8,4,109,31.282556200922677,0.0,0.0,0.0,68.71744379907732
150,A143,177.18160877902437,2024-02-15,Books,3.568927573538281,Instagram,68.0,1.2,Negative,105,247.73387407364723,0.8,4,109,31.282556200922677,0.0,0.0,0.0,68.71744379907732
151,A176,408.0,2024-01-01,Sports,2.3,Facebook,70.0,3.3,Negative,150,408.0,2.0,0,150,0.0,0.0,0.0,0.0,100.0
151,A176,407.7962924065028,2024-01-01,Sports,2.37473680316118,Facebook,70.0,3.3,Negative,150,407.8981462032514,2.0,0,150,0.0,0.0,0.0,0.0,100.0
152,A152,437.0,2024-01-16,Books,3.6,Facebook,95.0,4.1,Positive,135,437.0,0.19047619047619047,83,135,26.501607625755856,73.49839237424413,0.0,0.0,0.0
152,A152,437.0,2024-01-16,Books,3.6,Instagram,81.0,4.2,Positive,135,437.0,0.19047619047619047,83,135,26.501607625755856,73.49839237424413,0.0,0.0,0.0
152,A152,436.99954371710095,2024-01-16,Books,3.5680639992466343,Facebook,95.0,4.1,Positive,135,436.99984790570034,0.19047619047619047,83,135,26.501607625755856,73.49839237424413,0.0,0.0,0.0
152,A152,436.99954371710095,2024-01-16,Books,3.5680639992466343,Instagram,81.0,4.2,Positive,135,436.99969581140067,0.19047619047619047,83,135,26.501607625755856,73.49839237424413,0.0,0.0,0.0
152,A152,308.0,2024-02-27,Clothing,4.8,Facebook,95.0,4.1,Positive,93,393.99969581140067,0.19047619047619047,83,135,26.501607625755856,73.49839237424413,0.0,0.0,0.0
152,A152,308.0,2024-02-27,Clothing,4.8,Instagram,81.0,4.2,Positive,93,350.99984790570034,0.19047619047619047,83,135,26.501607625755856,73.49839237424413,0.0,0.0,0.0
152,A152,308.05713475103266,2024-02-27,Clothing,4.718949415302078,Facebook,95.0,4.1,Positive,93,308.0190449170109,0.19047619047619047,83,135,26.501607625755856,73.49839237424413,0.0,0.0,0.0
152,A152,308.05713475103266,2024-02-27,Clothing,4.718949415302078,Instagram,81.0,4.2,Positive,93,308.0380898340218,0.19047619047619047,83,135,26.501607625755856,73.49839237424413,0.0,0.0,0.0
152,A152,452.0,2024-04-08,Clothing,4.6,Facebook,95.0,4.1,Positive,52,356.0380898340218,0.19047619047619047,83,135,26.501607625755856,73.49839237424413,0.0,0.0,0.0
152,A152,452.0,2024-04-08,Clothing,4.6,Instagram,81.0,4.2,Positive,52,404.0190449170109,0.19047619047619047,83,135,26.501607625755856,73.49839237424413,0.0,0.0,0.0
152,A152,451.9717778811013,2024-04-08,Clothing,4.5649210754827125,Facebook,95.0,4.1,Positive,52,451.9905926270338,0.19047619047619047,83,135,26.501607625755856,73.49839237424413,0.0,0.0,0.0
152,A152,451.9717778811013,2024-04-08,Clothing,4.5649210754827125,Instagram,81.0,4.2,Positive,52,451.9811852540675,0.19047619047619047,83,135,26.501607625755856,73.49839237424413,0.0,0.0,0.0
152,A152,451.9098706181336,2024-04-08,Clothing,4.701453269268729,Facebook,95.0,4.1,Positive,52,451.95114212677873,0.19047619047619047,83,135,26.501607625755856,73.49839237424413,0.0,0.0,0.0
152,A152,451.9098706181336,2024-04-08,Clothing,4.701453269268729,Instagram,81.0,4.2,Positive,52,451.93050637245614,0.19047619047619047,83,135,26.501607625755856,73.49839237424413,0.0,0.0,0.0
152,A152,451.9730905562071,2024-04-08,Clothing,4.627357740313863,Facebook,95.0,4.1,Positive,52,451.93094393082475,0.19047619047619047,83,135,26.501607625755856,73.49839237424413,0.0,0.0,0.0
152,A152,451.9730905562071,2024-04-08,Clothing,4.627357740313863,Instagram,81.0,4.2,Positive,52,451.9520172435159,0.19047619047619047,83,135,26.501607625755856,73.49839237424413,0.0,0.0,0.0
153,0,229.0,2024-03-15,Groceries,3.8,0,0.0,0.0,0,76,229.0,1.3333333333333333,2,76,0.0,0.0,34.81404152159452,65.1859584784055,0.0
153,0,229.07419630165293,2024-03-15,Groceries,3.781309487743959,0,0.0,0.0,0,76,229.03709815082647,1.3333333333333333,2,76,0.0,0.0,34.81404152159452,65.1859584784055,0.0
153,0,229.098154737673,2024-03-15,Groceries,3.7541380723057,0,0.0,0.0,0,76,229.05745034644198,1.3333333333333333,2,76,0.0,0.0,34.81404152159452,65.1859584784055,0.0
153,0,367.0,2024-03-17,Electronics,4.5,0,0.0,0.0,0,74,275.05745034644195,1.3333333333333333,2,76,0.0,0.0,34.81404152159452,65.1859584784055,0.0
154,0,335.0,2024-02-12,Electronics,0.0,0,0.0,0.0,0,108,335.0,2.0,0,108,0.0,0.0,100.0,0.0,0.0
154,0,335.0054350577939,2024-02-12,Electronics,0.0,0,0.0,0.0,0,108,335.00271752889694,2.0,0,108,0.0,0.0,100.0,0.0,0.0
157,A168,376.0,2024-01-27,Groceries,1.5,LinkedIn,60.0,4.4,Positive,124,376.0,1.0,0,124,0.0,0.0,0.0,100.0,0.0
158,A126,115.0,2024-02-01,Electronics,2.9,TikTok,75.0,3.1,Neutral,119,115.0,2.0,0,119,0.0,0.0,100.0,0.0,0.0
158,A126,115.0,2024-02-01,Electronics,2.9,Facebook,98.0,4.3,Negative,119,115.0,2.0,0,119,0.0,0.0,100.0,0.0,0.0
159,A170,78.0,2024-01-23,Groceries,2.0,0,0.0,0.0,0,128,78.0,0.1111111111111111,80,128,46.44532934677257,0.0,38.4175338345205,15.137136818706932,0.0
159,A170,77.95666965930974,2024-01-23,Groceries,1.9993800860326127,0,0.0,0.0,0,128,77.97833482965487,0.1111111111111111,80,128,46.44532934677257,0.0,38.4175338345205,15.137136818706932,0.0
159,A170,77.75477353986842,2024-01-23,Groceries,2.237432940349239,0,0.0,0.0,0,128,77.90381439972606,0.1111111111111111,80,128,46.44532934677257,0.0,38.4175338345205,15.137136818706932,0.0
159,A170,111.0,2024-02-04,Books,2.9,0,0.0,0.0,0,116,88.90381439972606,0.1111111111111111,80,128,46.44532934677257,0.0,38.4175338345205,15.137136818706932,0.0
159,A170,111.09763091264811,2024-02-04,Books,2.680786994375802,0,0.0,0.0,0,116,99.95080148417219,0.1111111111111111,80,128,46.44532934677257,0.0,38.4175338345205,15.137136818706932,0.0
159,A170,495.0,2024-02-23,Books,2.6,0,0.0,0.0,0,97,239.03254363754937,0.1111111111111111,80,128,46.44532934677257,0.0,38.4175338345205,15.137136818706932,0.0
159,A170,186.0,2024-03-02,Electronics,1.8,0,0.0,0.0,0,89,264.0325436375494,0.1111111111111111,80,128,46.44532934677257,0.0,38.4175338345205,15.137136818706932,0.0
159,A170,186.15162333229335,2024-03-02,Electronics,1.9395731935928564,0,0.0,0.0,0,89,289.05054111076447,0.1111111111111111,80,128,46.44532934677257,0.0,38.4175338345205,15.137136818706932,0.0
159,A170,221.0,2024-04-12,Electronics,1.4,0,0.0,0.0,0,48,197.71720777743113,0.1111111111111111,80,128,46.44532934677257,0.0,38.4175338345205,15.137136818706932,0.0
160,0,64.0,2024-01-05,Clothing,1.3,0,0.0,0.0,0,146,64.0,1.0,0,146,0.0,100.0,0.0,0.0,0.0
161,A118,333.0,2024-02-07,Clothing,2.6,Facebook,76.0,3.9,Negative,113,333.0,0.07216494845360824,96,113,0.0,25.130394933795813,7.018398585114147,19.401616248366572,48.449590232723466
161,A118,77.0,2024-02-08,Groceries,0.0,Facebook,76.0,3.9,Negative,112,205.0,0.07216494845360824,96,113,0.0,25.130394933795813,7.018398585114147,19.401616248366572,48.449590232723466
161,A118,77.08860635602461,2024-02-08,Groceries,0.0,Facebook,76.0,3.9,Negative,112,162.36286878534153,0.07216494845360824,96,113,0.0,25.130394933795813,7.018398585114147,19.401616248366572,48.449590232723466
161,A118,93.0,2024-02-10,Electronics,1.2,Facebook,76.0,3.9,Negative,110,82.36286878534155,0.07216494845360824,96,113,0.0,25.130394933795813,7.018398585114147,19.401616248366572,48.449590232723466
161,A118,150.0,2024-03-25,Sports,2.7,Facebook,76.0,3.9,Negative,66,106.69620211867488,0.07216494845360824,96,113,0.0,25.130394933795813,7.018398585114147,19.401616248366572,48.449590232723466
161,A118,103.0,2024-04-03,Groceries,1.4,Facebook,76.0,3.9,Negative,57,115.33333333333333,0.07216494845360824,96,113,0.0,25.130394933795813,7.018398585114147,19.401616248366572,48.449590232723466
161,A118,492.0,2024-05-13,Sports,1.3,Facebook,76.0,3.9,Negative,17,248.33333333333334,0.07216494845360824,96,113,0.0,25.130394933795813,7.018398585114147,19.401616248366572,48.449590232723466
162,A126,101.0,2024-03-19,Books,4.2,TikTok,75.0,3.1,Neutral,72,101.0,0.10526315789473684,37,72,100.0,0.0,0.0,0.0,0.0
162,A126,101.0,2024-03-19,Books,4.2,Facebook,98.0,4.3,Negative,72,101.0,0.10526315789473684,37,72,100.0,0.0,0.0,0.0,0.0
162,A126,343.0,2024-04-25,Books,1.4,TikTok,75.0,3.1,Neutral,35,181.66666666666666,0.10526315789473684,37,72,100.0,0.0,0.0,0.0,0.0
162,A126,343.0,2024-04-25,Books,1.4,Facebook,98.0,4.3,Negative,35,262.3333333333333,0.10526315789473684,37,72,100.0,0.0,0.0,0.0,0.0
163,A180,220.0,2024-01-22,Groceries,2.7,Facebook,57.0,3.8,Negative,129,220.0,0.2608695652173913,22,129,0.0,0.0,0.0,18.178399198566293,81.8216008014337
163,A180,220.0,2024-01-22,Groceries,2.7,LinkedIn,98.0,2.1,Negative,129,220.0,0.2608695652173913,22,129,0.0,0.0,0.0,18.178399198566293,81.8216008014337
163,A180,495.0,2024-02-13,Sports,3.0,Facebook,57.0,3.8,Negative,107,311.6666666666667,0.2608695652173913,22,129,0.0,0.0,0.0,18.178399198566293,81.8216008014337
163,A180,495.0,2024-02-13,Sports,3.0,LinkedIn,98.0,2.1,Negative,107,403.3333333333333,0.2608695652173913,22,129,0.0,0.0,0.0,18.178399198566293,81.8216008014337
163,A180,495.2275761297567,2024-02-13,Sports,2.9263587827742352,Facebook,57.0,3.8,Negative,107,495.0758587099189,0.2608695652173913,22,129,0.0,0.0,0.0,18.178399198566293,81.8216008014337
163,A180,495.2275761297567,2024-02-13,Sports,2.9263587827742352,LinkedIn,98.0,2.1,Negative,107,495.1517174198378,0.2608695652173913,22,129,0.0,0.0,0.0,18.178399198566293,81.8216008014337
164,A119,296.0,2024-04-17,Groceries,3.5,0,0.0,0.0,0,43,296.0,0.08571428571428572,34,43,0.0,0.0,0.0,29.31323119721962,70.68676880278039
164,A119,357.0,2024-05-21,Sports,2.5,0,0.0,0.0,0,9,326.5,0.08571428571428572,34,43,0.0,0.0,0.0,29.31323119721962,70.68676880278039
164,A119,356.78291341718693,2024-05-21,Sports,2.3997953276371264,0,0.0,0.0,0,9,336.59430447239566,0.08571428571428572,34,43,0.0,0.0,0.0,29.31323119721962,70.68676880278039
170,A181,367.0,2024-03-03,Books,1.3,Twitter,66.0,2.1,Positive,88,367.0,0.041666666666666664,47,88,42.92397660818714,0.0,57.07602339181287,0.0,0.0
170,A181,488.0,2024-04-19,Electronics,0.0,Twitter,66.0,2.1,Positive,41,427.5,0.041666666666666664,47,88,42.92397660818714,0.0,57.07602339181287,0.0,0.0
171,0,256.0,2024-01-04,Clothing,2.8,0,0.0,0.0,0,147,256.0,0.048,124,147,0.0,95.9875956599533,4.012404340046699,0.0,0.0
171,0,255.9697675757924,2024-01-04,Clothing,3.005509260862147,0,0.0,0.0,0,147,255.9848837878962,0.048,124,147,0.0,95.9875956599533,4.012404340046699,0.0,0.0
171,0,51.0,2024-03-31,Electronics,2.7,0,0.0,0.0,0,60,187.6565891919308,0.048,124,147,0.0,95.9875956599533,4.012404340046699,0.0,0.0
171,0,236.0,2024-05-07,Clothing,1.3,0,0.0,0.0,0,23,180.98992252526412,0.048,124,147,0.0,95.9875956599533,4.012404340046699,0.0,0.0
171,0,236.0770863101464,2024-05-07,Clothing,1.2440974506766145,0,0.0,0.0,0,23,174.35902877004878,0.048,124,147,0.0,95.9875956599533,4.012404340046699,0.0,0.0
171,0,236.0114861468214,2024-05-07,Clothing,1.2171416228981264,0,0.0,0.0,0,23,236.02952415232258,0.048,124,147,0.0,95.9875956599533,4.012404340046699,0.0,0.0
172,0,239.0,2024-02-18,Electronics,3.6,0,0.0,0.0,0,102,239.0,0.02531645569620253,78,102,41.99029126213592,0.0,58.009708737864074,0.0,0.0
172,0,173.0,2024-05-06,Books,1.4,0,0.0,0.0,0,24,206.0,0.02531645569620253,78,102,41.99029126213592,0.0,58.009708737864074,0.0,0.0
173,A194,162.0,2024-03-24,Electronics,5.0,LinkedIn,89.0,4.0,Negative,67,162.0,3.0,0,67,0.0,0.0,100.0,0.0,0.0
173,A194,162.04926864838004,2024-03-24,Electronics,4.856591113076748,LinkedIn,89.0,4.0,Negative,67,162.02463432419,3.0,0,67,0.0,0.0,100.0,0.0,0.0
173,A194,162.0312458481098,2024-03-24,Electronics,4.869035070998811,LinkedIn,89.0,4.0,Negative,67,162.02683816549663,3.0,0,67,0.0,0.0,100.0,0.0,0.0
174,A148,228.0,2024-01-09,Electronics,3.8,Facebook,75.0,1.7,Neutral,142,228.0,2.5,1,142,0.0,0.0,75.33152751430514,0.0,24.668472485694863
174,A148,228.02423336860832,2024-01-09,Electronics,3.761808977763124,Facebook,75.0,1.7,Neutral,142,228.01211668430415,2.5,1,142,0.0,0.0,75.33152751430514,0.0,24.668472485694863
174,A148,228.07964054296963,2024-01-09,Electronics,3.879773631457864,Facebook,75.0,1.7,Neutral,142,228.03462463719265,2.5,1,142,0.0,0.0,75.33152751430514,0.0,24.668472485694863
174,A148,112.0,2024-01-10,Sports,2.6,Facebook,75.0,1.7,Neutral,141,189.36795797052596,2.5,1,142,0.0,0.0,75.33152751430514,0.0,24.668472485694863
174,A148,112.02038227275274,2024-01-10,Sports,2.640311932708558,Facebook,75.0,1.7,Neutral,141,150.7000076052408,2.5,1,142,0.0,0.0,75.33152751430514,0.0,24.668472485694863
175,A176,209.0,2024-01-26,Sports,1.1,Facebook,70.0,3.3,Negative,125,209.0,1.0,0,125,0.0,0.0,0.0,0.0,100.0
177,A183,221.0,2024-03-08,Groceries,1.3,TikTok,90.0,4.1,Positive,83,221.0,0.07692307692307693,77,83,0.0,31.022530329289427,0.0,68.97746967071056,0.0
177,A183,221.0,2024-03-08,Groceries,1.3,TikTok,72.0,5.0,Positive,83,221.0,0.07692307692307693,77,83,0.0,31.022530329289427,0.0,68.97746967071056,0.0
177,A183,179.0,2024-04-01,Clothing,4.0,TikTok,90.0,4.1,Positive,59,207.0,0.07692307692307693,77,83,0.0,31.022530329289427,0.0,68.97746967071056,0.0
177,A183,179.0,2024-04-01,Clothing,4.0,TikTok,72.0,5.0,Positive,59,193.0,0.07692307692307693,77,83,0.0,31.022530329289427,0.0,68.97746967071056,0.0
177,A183,177.0,2024-05-24,Groceries,3.2,TikTok,90.0,4.1,Positive,6,178.33333333333334,0.07692307692307693,77,83,0.0,31.022530329289427,0.0,68.97746967071056,0.0
177,A183,177.0,2024-05-24,Groceries,3.2,TikTok,72.0,5.0,Positive,6,177.66666666666666,0.07692307692307693,77,83,0.0,31.022530329289427,0.0,68.97746967071056,0.0
179,A111,490.0,2024-02-05,Clothing,1.7,Instagram,98.0,4.1,Negative,115,490.0,0.04838709677419355,61,115,0.0,78.15043509213308,0.0,21.84956490786693,0.0
179,A111,490.0295477524424,2024-02-05,Clothing,1.7218222732531097,Instagram,98.0,4.1,Negative,115,490.01477387622117,0.04838709677419355,61,115,0.0,78.15043509213308,0.0,21.84956490786693,0.0
179,A111,274.0,2024-04-06,Groceries,4.3,Instagram,98.0,4.1,Negative,54,418.0098492508141,0.04838709677419355,61,115,0.0,78.15043509213308,0.0,21.84956490786693,0.0
180,A131,201.0,2024-03-09,Electronics,2.3,LinkedIn,87.0,3.0,Positive,82,201.0,0.1,49,82,0.0,0.0,100.0,0.0,0.0
180,A131,201.05591092026145,2024-03-09,Electronics,2.412267768479802,LinkedIn,87.0,3.0,Positive,82,201.02795546013073,0.1,49,82,0.0,0.0,100.0,0.0,0.0
180,A131,201.15700322805424,2024-03-09,Electronics,2.2709307691968954,LinkedIn,87.0,3.0,Positive,82,201.0709713827719,0.1,49,82,0.0,0.0,100.0,0.0,0.0
180,A131,200.8979616752738,2024-03-09,Electronics,2.3237324384759743,LinkedIn,87.0,3.0,Positive,82,201.03695860786317,0.1,49,82,0.0,0.0,100.0,0.0,0.0
180,A131,374.0,2024-04-27,Electronics,1.2,LinkedIn,87.0,3.0,Positive,33,258.68498830110934,0.1,49,82,0.0,0.0,100.0,0.0,0.0
181,A177,434.0,2024-04-07,Clothing,0.0,LinkedIn,77.0,1.4,Positive,53,434.0,2.0,0,53,0.0,100.0,0.0,0.0,0.0
181,A177,434.0,2024-04-07,Clothing,0.0,Twitter,65.0,1.3,Positive,53,434.0,2.0,0,53,0.0,100.0,0.0,0.0,0.0
182,A193,91.0,2024-01-07,Sports,4.9,TikTok,69.0,2.6,Negative,144,91.0,1.0,0,144,0.0,0.0,0.0,0.0,100.0
183,A183,247.0,2024-02-29,Electronics,4.8,TikTok,90.0,4.1,Positive,91,247.0,2.0,0,91,0.0,0.0,100.0,0.0,0.0
183,A183,247.0,2024-02-29,Electronics,4.8,TikTok,72.0,5.0,Positive,91,247.0,2.0,0,91,0.0,0.0,100.0,0.0,0.0
184,0,273.0,2024-04-05,Clothing,3.0,0,0.0,0.0,0,55,273.0,3.0,0,55,0.0,100.0,0.0,0.0,0.0
184,0,273.1360111366248,2024-04-05,Clothing,3.048767327492329,0,0.0,0.0,0,55,273.0680055683124,3.0,0,55,0.0,100.0,0.0,0.0,0.0
184,0,272.8902654131433,2024-04-05,Clothing,3.091056412237108,0,0.0,0.0,0,55,273.0087588499227,3.0,0,55,0.0,100.0,0.0,0.0,0.0
185,0,197.0,2024-05-18,Sports,4.8,0,0.0,0.0,0,12,197.0,1.0,0,12,0.0,0.0,0.0,0.0,100.0
186,A160,429.0,2024-01-08,Clothing,4.3,TikTok,56.0,2.6,Positive,143,429.0,0.13953488372093023,85,143,0.0,100.0,0.0,0.0,0.0
186,A160,429.0,2024-01-08,Clothing,4.3,LinkedIn,73.0,2.0,Neutral,143,429.0,0.13953488372093023,85,143,0.0,100.0,0.0,0.0,0.0
186,A160,429.0,2024-01-08,Clothing,4.3,Instagram,89.0,2.9,Neutral,143,429.0,0.13953488372093023,85,143,0.0,100.0,0.0,0.0,0.0
186,A160,428.9842276041746,2024-01-08,Clothing,4.302862055956783,TikTok,56.0,2.6,Positive,143,428.9947425347248,0.13953488372093023,85,143,0.0,100.0,0.0,0.0,0.0
186,A160,428.9842276041746,2024-01-08,Clothing,4.302862055956783,LinkedIn,73.0,2.0,Neutral,143,428.9894850694497,0.13953488372093023,85,143,0.0,100.0,0.0,0.0,0.0
186,A160,428.9842276041746,2024-01-08,Clothing,4.302862055956783,Instagram,89.0,2.9,Neutral,143,428.9842276041746,0.13953488372093023,85,143,0.0,100.0,0.0,0.0,0.0
186,A160,269.0,2024-04-02,Clothing,4.0,TikTok,56.0,2.6,Positive,58,375.65615173611644,0.13953488372093023,85,143,0.0,100.0,0.0,0.0,0.0
186,A160,269.0,2024-04-02,Clothing,4.0,LinkedIn,73.0,2.0,Neutral,58,322.3280758680582,0.13953488372093023,85,143,0.0,100.0,0.0,0.0,0.0
186,A160,269.0,2024-04-02,Clothing,4.0,Instagram,89.0,2.9,Neutral,58,269.0,0.13953488372093023,85,143,0.0,100.0,0.0,0.0,0.0
186,A160,268.8644942044482,2024-04-02,Clothing,4.0968623156304425,TikTok,56.0,2.6,Positive,58,268.95483140148275,0.13953488372093023,85,143,0.0,100.0,0.0,0.0,0.0
186,A160,268.8644942044482,2024-04-02,Clothing,4.0968623156304425,LinkedIn,73.0,2.0,Neutral,58,268.90966280296544,0.13953488372093023,85,143,0.0,100.0,0.0,0.0,0.0
186,A160,268.8644942044482,2024-04-02,Clothing,4.0968623156304425,Instagram,89.0,2.9,Neutral,58,268.8644942044482,0.13953488372093023,85,143,0.0,100.0,0.0,0.0,0.0
187,A124,401.0,2024-01-11,Sports,1.7,TikTok,75.0,4.6,Neutral,140,401.0,0.192,124,140,32.697588622851285,0.0,0.0,15.895015197375317,51.40739617977339
187,A124,401.0,2024-01-11,Sports,1.7,Facebook,95.0,3.7,Positive,140,401.0,0.192,124,140,32.697588622851285,0.0,0.0,15.895015197375317,51.40739617977339
187,A124,401.0,2024-01-11,Sports,1.7,LinkedIn,77.0,3.2,Positive,140,401.0,0.192,124,140,32.697588622851285,0.0,0.0,15.895015197375317,51.40739617977339
187,A124,456.0,2024-01-18,Groceries,4.8,TikTok,75.0,4.6,Neutral,133,419.3333333333333,0.192,124,140,32.697588622851285,0.0,0.0,15.895015197375317,51.40739617977339
187,A124,456.0,2024-01-18,Groceries,4.8,Facebook,95.0,3.7,Positive,133,437.6666666666667,0.192,124,140,32.697588622851285,0.0,0.0,15.895015197375317,51.40739617977339
187,A124,456.0,2024-01-18,Groceries,4.8,LinkedIn,77.0,3.2,Positive,133,456.0,0.192,124,140,32.697588622851285,0.0,0.0,15.895015197375317,51.40739617977339
187,A124,233.0,2024-04-21,Sports,3.7,TikTok,75.0,4.6,Neutral,39,381.6666666666667,0.192,124,140,32.697588622851285,0.0,0.0,15.895015197375317,51.40739617977339
187,A124,233.0,2024-04-21,Sports,3.7,Facebook,95.0,3.7,Positive,39,307.3333333333333,0.192,124,140,32.697588622851285,0.0,0.0,15.895015197375317,51.40739617977339
187,A124,233.0,2024-04-21,Sports,3.7,LinkedIn,77.0,3.2,Positive,39,233.0,0.192,124,140,32.697588622851285,0.0,0.0,15.895015197375317,51.40739617977339
187,A124,232.9686976291784,2024-04-21,Sports,3.5086222419731645,TikTok,75.0,4.6,Neutral,39,232.98956587639282,0.192,124,140,32.697588622851285,0.0,0.0,15.895015197375317,51.40739617977339
187,A124,232.9686976291784,2024-04-21,Sports,3.5086222419731645,Facebook,95.0,3.7,Positive,39,232.9791317527856,0.192,124,140,32.697588622851285,0.0,0.0,15.895015197375317,51.40739617977339
187,A124,232.9686976291784,2024-04-21,Sports,3.5086222419731645,LinkedIn,77.0,3.2,Positive,39,232.9686976291784,0.192,124,140,32.697588622851285,0.0,0.0,15.895015197375317,51.40739617977339
187,A124,304.0,2024-04-24,Sports,4.2,TikTok,75.0,4.6,Neutral,36,256.64579841945226,0.192,124,140,32.697588622851285,0.0,0.0,15.895015197375317,51.40739617977339
187,A124,304.0,2024-04-24,Sports,4.2,Facebook,95.0,3.7,Positive,36,280.32289920972613,0.192,124,140,32.697588622851285,0.0,0.0,15.895015197375317,51.40739617977339
187,A124,304.0,2024-04-24,Sports,4.2,LinkedIn,77.0,3.2,Positive,36,304.0,0.192,124,140,32.697588622851285,0.0,0.0,15.895015197375317,51.40739617977339
187,A124,303.8189868675004,2024-04-24,Sports,4.207948245181754,TikTok,75.0,4.6,Neutral,36,303.9396622891668,0.192,124,140,32.697588622851285,0.0,0.0,15.895015197375317,51.40739617977339
187,A124,303.8189868675004,2024-04-24,Sports,4.207948245181754,Facebook,95.0,3.7,Positive,36,303.87932457833364,0.192,124,140,32.697588622851285,0.0,0.0,15.895015197375317,51.40739617977339
187,A124,303.8189868675004,2024-04-24,Sports,4.207948245181754,LinkedIn,77.0,3.2,Positive,36,303.8189868675004,0.192,124,140,32.697588622851285,0.0,0.0,15.895015197375317,51.40739617977339
187,A124,469.0,2024-05-14,Books,4.9,TikTok,75.0,4.6,Neutral,16,358.87932457833364,0.192,124,140,32.697588622851285,0.0,0.0,15.895015197375317,51.40739617977339
187,A124,469.0,2024-05-14,Books,4.9,Facebook,95.0,3.7,Positive,16,413.9396622891668,0.192,124,140,32.697588622851285,0.0,0.0,15.895015197375317,51.40739617977339
187,A124,469.0,2024-05-14,Books,4.9,LinkedIn,77.0,3.2,Positive,16,469.0,0.192,124,140,32.697588622851285,0.0,0.0,15.895015197375317,51.40739617977339
187,A124,469.0362476458805,2024-05-14,Books,4.654325294313653,TikTok,75.0,4.6,Neutral,16,469.0120825486269,0.192,124,140,32.697588622851285,0.0,0.0,15.895015197375317,51.40739617977339
187,A124,469.0362476458805,2024-05-14,Books,4.654325294313653,Facebook,95.0,3.7,Positive,16,469.0241650972537,0.192,124,140,32.697588622851285,0.0,0.0,15.895015197375317,51.40739617977339
187,A124,469.0362476458805,2024-05-14,Books,4.654325294313653,LinkedIn,77.0,3.2,Positive,16,469.0362476458805,0.192,124,140,32.697588622851285,0.0,0.0,15.895015197375317,51.40739617977339
188,A192,292.0,2024-01-29,Sports,1.2,Instagram,60.0,4.3,Positive,122,292.0,0.08641975308641975,80,122,0.0,35.591073284961624,4.8664291997549345,31.67786673099847,27.864630784284966
188,A192,292.04062266850497,2024-01-29,Sports,1.2579504401549857,Instagram,60.0,4.3,Positive,122,292.0203113342525,0.08641975308641975,80,122,0.0,35.591073284961624,4.8664291997549345,31.67786673099847,27.864630784284966
188,A192,332.0,2024-02-22,Groceries,3.3,Instagram,60.0,4.3,Positive,98,305.34687422283497,0.08641975308641975,80,122,0.0,35.591073284961624,4.8664291997549345,31.67786673099847,27.864630784284966
188,A192,331.9657691361376,2024-02-22,Groceries,3.3207503485159133,Instagram,60.0,4.3,Positive,98,318.6687972682142,0.08641975308641975,80,122,0.0,35.591073284961624,4.8664291997549345,31.67786673099847,27.864630784284966
188,A192,102.0,2024-04-11,Electronics,4.6,Instagram,60.0,4.3,Positive,49,255.3219230453792,0.08641975308641975,80,122,0.0,35.591073284961624,4.8664291997549345,31.67786673099847,27.864630784284966
188,A192,373.0,2024-04-18,Clothing,2.8,Instagram,60.0,4.3,Positive,42,268.9885897120459,0.08641975308641975,80,122,0.0,35.591073284961624,4.8664291997549345,31.67786673099847,27.864630784284966
188,A192,372.9862922178958,2024-04-18,Clothing,2.723826508427218,Instagram,60.0,4.3,Positive,42,282.6620974059653,0.08641975308641975,80,122,0.0,35.591073284961624,4.8664291997549345,31.67786673099847,27.864630784284966
189,A173,282.0,2024-02-26,Groceries,3.2,TikTok,63.0,4.3,Negative,94,282.0,0.10752688172043011,92,94,48.10175695329599,0.0,0.0,39.450683190967084,12.447559855736925
189,A173,282.0,2024-02-26,Groceries,3.2,Facebook,78.0,3.9,Negative,94,282.0,0.10752688172043011,92,94,48.10175695329599,0.0,0.0,39.450683190967084,12.447559855736925
189,A173,282.1444338791982,2024-02-26,Groceries,3.3619612155437317,TikTok,63.0,4.3,Negative,94,282.0481446263994,0.10752688172043011,92,94,48.10175695329599,0.0,0.0,39.450683190967084,12.447559855736925
189,A173,282.1444338791982,2024-02-26,Groceries,3.3619612155437317,Facebook,78.0,3.9,Negative,94,282.0962892527988,0.10752688172043011,92,94,48.10175695329599,0.0,0.0,39.450683190967084,12.447559855736925
189,A173,344.0,2024-03-21,Books,0.0,TikTok,63.0,4.3,Negative,70,302.76295591946547,0.10752688172043011,92,94,48.10175695329599,0.0,0.0,39.450683190967084,12.447559855736925
189,A173,344.0,2024-03-21,Books,0.0,Facebook,78.0,3.9,Negative,70,323.38147795973276,0.10752688172043011,92,94,48.10175695329599,0.0,0.0,39.450683190967084,12.447559855736925
189,A173,343.8547150540928,2024-03-21,Books,0.0,TikTok,63.0,4.3,Negative,70,343.9515716846976,0.10752688172043011,92,94,48.10175695329599,0.0,0.0,39.450683190967084,12.447559855736925
189,A173,343.8547150540928,2024-03-21,Books,0.0,Facebook,78.0,3.9,Negative,70,343.9031433693952,0.10752688172043011,92,94,48.10175695329599,0.0,0.0,39.450683190967084,12.447559855736925
189,A173,178.0,2024-05-28,Sports,3.0,TikTok,63.0,4.3,Negative,2,288.5698100360619,0.10752688172043011,92,94,48.10175695329599,0.0,0.0,39.450683190967084,12.447559855736925
189,A173,178.0,2024-05-28,Sports,3.0,Facebook,78.0,3.9,Negative,2,233.28490501803094,0.10752688172043011,92,94,48.10175695329599,0.0,0.0,39.450683190967084,12.447559855736925
190,A133,333.0,2024-01-31,Groceries,3.8,Twitter,72.0,1.9,Positive,120,333.0,0.13636363636363635,109,120,0.0,0.0,0.0,17.188765269516256,82.81123473048375
190,A133,333.0,2024-01-31,Groceries,3.8,Twitter,71.0,4.8,Negative,120,333.0,0.13636363636363635,109,120,0.0,0.0,0.0,17.188765269516256,82.81123473048375
190,A133,333.0,2024-01-31,Groceries,3.8,Instagram,52.0,2.7,Positive,120,333.0,0.13636363636363635,109,120,0.0,0.0,0.0,17.188765269516256,82.81123473048375
190,A133,401.0,2024-05-19,Sports,4.9,Twitter,72.0,1.9,Positive,11,355.6666666666667,0.13636363636363635,109,120,0.0,0.0,0.0,17.188765269516256,82.81123473048375
190,A133,401.0,2024-05-19,Sports,4.9,Twitter,71.0,4.8,Negative,11,378.3333333333333,0.13636363636363635,109,120,0.0,0.0,0.0,17.188765269516256,82.81123473048375
190,A133,401.0,2024-05-19,Sports,4.9,Instagram,52.0,2.7,Positive,11,401.0,0.13636363636363635,109,120,0.0,0.0,0.0,17.188765269516256,82.81123473048375
190,A133,401.0088873006132,2024-05-19,Sports,4.880846717608671,Twitter,72.0,1.9,Positive,11,401.00296243353773,0.13636363636363635,109,120,0.0,0.0,0.0,17.188765269516256,82.81123473048375
190,A133,401.0088873006132,2024-05-19,Sports,4.880846717608671,Twitter,71.0,4.8,Negative,11,401.00592486707546,0.13636363636363635,109,120,0.0,0.0,0.0,17.188765269516256,82.81123473048375
190,A133,401.0088873006132,2024-05-19,Sports,4.880846717608671,Instagram,52.0,2.7,Positive,11,401.0088873006132,0.13636363636363635,109,120,0.0,0.0,0.0,17.188765269516256,82.81123473048375
190,A133,401.1541370996918,2024-05-19,Sports,4.876150663261595,Twitter,72.0,1.9,Positive,11,401.05730390030607,0.13636363636363635,109,120,0.0,0.0,0.0,17.188765269516256,82.81123473048375
190,A133,401.1541370996918,2024-05-19,Sports,4.876150663261595,Twitter,71.0,4.8,Negative,11,401.105720499999,0.13636363636363635,109,120,0.0,0.0,0.0,17.188765269516256,82.81123473048375
190,A133,401.1541370996918,2024-05-19,Sports,4.876150663261595,Instagram,52.0,2.7,Positive,11,401.1541370996918,0.13636363636363635,109,120,0.0,0.0,0.0,17.188765269516256,82.81123473048375
190,A133,401.1489045173885,2024-05-19,Sports,4.827599820339571,Twitter,72.0,1.9,Positive,11,401.1523929055907,0.13636363636363635,109,120,0.0,0.0,0.0,17.188765269516256,82.81123473048375
190,A133,401.1489045173885,2024-05-19,Sports,4.827599820339571,Twitter,71.0,4.8,Negative,11,401.15064871148957,0.13636363636363635,109,120,0.0,0.0,0.0,17.188765269516256,82.81123473048375
190,A133,401.1489045173885,2024-05-19,Sports,4.827599820339571,Instagram,52.0,2.7,Positive,11,401.1489045173885,0.13636363636363635,109,120,0.0,0.0,0.0,17.188765269516256,82.81123473048375
191,A114,94.0,2024-02-03,Electronics,3.0,Facebook,87.0,4.8,Negative,117,94.0,0.10714285714285714,27,117,0.0,0.0,29.024989245614652,0.0,70.97501075438534
191,A114,94.11543543384089,2024-02-03,Electronics,2.9877088693448544,Facebook,87.0,4.8,Negative,117,94.05771771692045,0.10714285714285714,27,117,0.0,0.0,29.024989245614652,0.0,70.97501075438534
191,A114,460.0,2024-03-01,Sports,4.6,Facebook,87.0,4.8,Negative,90,216.038478477947,0.10714285714285714,27,117,0.0,0.0,29.024989245614652,0.0,70.97501075438534
192,A156,332.0,2024-01-02,Electronics,4.2,Instagram,52.0,4.9,Positive,149,332.0,0.03896103896103896,76,149,42.50614448613892,0.0,57.49385551386108,0.0,0.0
192,A156,332.1271138225981,2024-01-02,Electronics,4.118450092671151,Instagram,52.0,4.9,Positive,149,332.0635569112991,0.03896103896103896,76,149,42.50614448613892,0.0,57.49385551386108,0.0,0.0
192,A156,491.0,2024-03-18,Books,3.9,Instagram,52.0,4.9,Positive,73,385.0423712741994,0.03896103896103896,76,149,42.50614448613892,0.0,57.49385551386108,0.0,0.0
194,A110,130.0,2024-03-28,Electronics,2.4,0,0.0,0.0,0,63,130.0,1.0,0,63,0.0,0.0,100.0,0.0,0.0
198,A132,395.0,2024-05-16,Books,2.5,LinkedIn,63.0,3.3,Positive,14,395.0,0.2857142857142857,6,14,100.0,0.0,0.0,0.0,0.0
198,A132,466.0,2024-05-22,Books,0.0,LinkedIn,63.0,3.3,Positive,8,430.5,0.2857142857142857,6,14,100.0,0.0,0.0,0.0,0.0
199,A178,280.0,2024-01-12,Electronics,1.6,LinkedIn,74.0,4.9,Positive,139,280.0,0.24,74,139,22.42561719354332,0.0,77.57438280645668,0.0,0.0
199,A178,280.0,2024-01-12,Electronics,1.6,LinkedIn,53.0,1.5,Neutral,139,280.0,0.24,74,139,22.42561719354332,0.0,77.57438280645668,0.0,0.0
199,A178,280.0,2024-01-12,Electronics,1.6,TikTok,68.0,3.5,Negative,139,280.0,0.24,74,139,22.42561719354332,0.0,77.57438280645668,0.0,0.0
199,A178,280.0457676454429,2024-01-12,Electronics,1.604213408174193,LinkedIn,74.0,4.9,Positive,139,280.0152558818143,0.24,74,139,22.42561719354332,0.0,77.57438280645668,0.0,0.0
199,A178,280.0457676454429,2024-01-12,Electronics,1.604213408174193,LinkedIn,53.0,1.5,Neutral,139,280.03051176362857,0.24,74,139,22.42561719354332,0.0,77.57438280645668,0.0,0.0
199,A178,280.0457676454429,2024-01-12,Electronics,1.604213408174193,TikTok,68.0,3.5,Negative,139,280.0457676454429,0.24,74,139,22.42561719354332,0.0,77.57438280645668,0.0,0.0
199,A178,280.1859967006487,2024-01-12,Electronics,1.4771945980876378,LinkedIn,74.0,4.9,Positive,139,280.09251066384485,0.24,74,139,22.42561719354332,0.0,77.57438280645668,0.0,0.0
199,A178,280.1859967006487,2024-01-12,Electronics,1.4771945980876378,LinkedIn,53.0,1.5,Neutral,139,280.13925368224676,0.24,74,139,22.42561719354332,0.0,77.57438280645668,0.0,0.0
199,A178,280.1859967006487,2024-01-12,Electronics,1.4771945980876378,TikTok,68.0,3.5,Negative,139,280.1859967006487,0.24,74,139,22.42561719354332,0.0,77.57438280645668,0.0,0.0
199,A178,279.99135864931685,2024-01-12,Electronics,1.6653634261335324,LinkedIn,74.0,4.9,Positive,139,280.1211173502047,0.24,74,139,22.42561719354332,0.0,77.57438280645668,0.0,0.0
199,A178,279.99135864931685,2024-01-12,Electronics,1.6653634261335324,LinkedIn,53.0,1.5,Neutral,139,280.05623799976075,0.24,74,139,22.42561719354332,0.0,77.57438280645668,0.0,0.0
199,A178,279.99135864931685,2024-01-12,Electronics,1.6653634261335324,TikTok,68.0,3.5,Negative,139,279.99135864931685,0.24,74,139,22.42561719354332,0.0,77.57438280645668,0.0,0.0
199,A178,162.0,2024-03-26,Books,2.5,LinkedIn,74.0,4.9,Positive,65,240.66090576621124,0.24,74,139,22.42561719354332,0.0,77.57438280645668,0.0,0.0
199,A178,162.0,2024-03-26,Books,2.5,LinkedIn,53.0,1.5,Neutral,65,201.33045288310564,0.24,74,139,22.42561719354332,0.0,77.57438280645668,0.0,0.0
199,A178,162.0,2024-03-26,Books,2.5,TikTok,68.0,3.5,Negative,65,162.0,0.24,74,139,22.42561719354332,0.0,77.57438280645668,0.0,0.0
199,A178,161.84008765274626,2024-03-26,Books,2.594128457806048,LinkedIn,74.0,4.9,Positive,65,161.94669588424875,0.24,74,139,22.42561719354332,0.0,77.57438280645668,0.0,0.0
199,A178,161.84008765274626,2024-03-26,Books,2.594128457806048,LinkedIn,53.0,1.5,Neutral,65,161.8933917684975,0.24,74,139,22.42561719354332,0.0,77.57438280645668,0.0,0.0
199,A178,161.84008765274626,2024-03-26,Books,2.594128457806048,TikTok,68.0,3.5,Negative,65,161.84008765274626,0.24,74,139,22.42561719354332,0.0,77.57438280645668,0.0,0.0
